{"cameraMode":{"drawMode":0,"name":"Shaded","section":"Shading Mode"},"sceneLighting":true,"audioPlay":false,"sceneViewState":{"m_AlwaysRefresh":false,"showFog":true,"showSkybox":true,"showFlares":true,"showImageEffects":true,"showParticleSystems":true,"showVisualEffectGraphs":true,"m_FxEnabled":true},"in2DMode":false,"pivot":{"x":-0.7199267148971558,"y":-0.8890529870986939,"z":-11.356430053710938},"rotation":{"x":-0.0035243553575128319,"y":0.9945355653762817,"z":-0.09998241811990738,"w":-0.03372759371995926},"size":6.630319118499756,"orthographic":false}